Country Name,"Country Code","Series Name","Series Code","1996 [YR1996]","1998 [YR1998]","2000 [YR2000]","2002 [YR2002]","2003 [YR2003]","2004 [YR2004]","2005 [YR2005]","2006 [YR2006]","2007 [YR2007]","2008 [YR2008]","2009 [YR2009]","2010 [YR2010]","2011 [YR2011]","2012 [YR2012]","2013 [YR2013]","2014 [YR2014]","2015 [YR2015]"
Mexico,"MEX","Control of Corruption: Estimate","CC.EST","-0.446941375732422","-0.381135076284409","-0.243740424513817","-0.202171847224236","-0.154354855418205","-0.292162835597992","-0.280678421258926","-0.252472728490829","-0.265604555606842","-0.242935344576836","-0.301284551620483","-0.369381248950958","-0.400045245885849","-0.407598733901978","-0.472725450992584","-0.731343865394592","-0.742103695869446"
Afghanistan,"AFG","Control of Corruption: Estimate","CC.EST","-1.84683966636658","-1.83626449108124","-1.9137624502182","-1.42640054225922","-1.5468522310257","-1.42430984973907","-1.45918238162994","-1.42298531532288","-1.58535206317902","-1.64102125167847","-1.51508259773254","-1.62647879123688","-1.54978823661804","-1.40050196647644","-1.43267714977264","-1.33117341995239","-1.34041118621826"
Albania,"ALB","Control of Corruption: Estimate","CC.EST","-1.09098029136658","-1.00859093666077","-0.824482798576355","-0.856776237487793","-0.768750727176666","-0.671666622161865","-0.744940221309662","-0.818834960460663","-0.676723599433899","-0.545050621032715","-0.493064075708389","-0.487881660461426","-0.646580159664154","-0.703433215618134","-0.701515316963196","-0.552894592285156","-0.444014370441437"
Algeria,"DZA","Control of Corruption: Estimate","CC.EST","-0.479990571737289","-0.969703316688538","-0.9487224817276","-0.936570703983307","-0.668102145195007","-0.625496447086334","-0.420722633600235","-0.479711323976517","-0.510263919830322","-0.561398804187775","-0.546603560447693","-0.487753301858902","-0.495235502719879","-0.473732590675354","-0.471443355083466","-0.615056157112122","-0.681528627872467"
American Samoa,"ASM","Control of Corruption: Estimate","CC.EST","..","..","..","..","..","0.781809866428375","0.797056496143341","0.326678156852722","0.339353263378143","0.356231153011322","0.382048398256302","0.371911406517029","0.358325511217117","0.355190634727478","0.357503950595856","1.25169777870178","1.24600279331207"
Andorra,"ADO","Control of Corruption: Estimate","CC.EST","1.35953974723816","1.38014912605286","1.38485932350159","1.29933190345764","1.3165168762207","1.10177326202393","1.2721574306488","1.27696180343628","1.30082452297211","1.32062613964081","1.3451269865036","1.33295929431915","1.30731344223022","1.30329477787018","1.29579281806946","1.25169777870178","1.24600279331207"
Angola,"AGO","Control of Corruption: Estimate","CC.EST","-1.1580982208252","-1.31885612010956","-1.51669120788574","-1.13693428039551","-1.30378973484039","-1.28112351894379","-1.32844984531403","-1.18326342105865","-1.29391300678253","-1.28144896030426","-1.41839635372162","-1.31937599182129","-1.33731091022491","-1.29281687736511","-1.3274017572403","-1.45260882377625","-1.39689266681671"
Anguilla,"AIA","Control of Corruption: Estimate","CC.EST","..","..","..","..","..","0.827518939971924","1.2721574306488","1.27696180343628","1.30082452297211","1.32062613964081","1.3451269865036","1.33295929431915","1.30731344223022","1.30329477787018","1.29579281806946","1.25169777870178","1.24600279331207"
Antigua and Barbuda,"ATG","Control of Corruption: Estimate","CC.EST","0.901485562324524","0.920661449432373","0.913627624511719","0.845043122768402","0.83345639705658","0.836438059806824","0.761800825595856","1.13639795780182","1.17674541473389","1.32062613964081","1.3451269865036","1.33295929431915","1.30731344223022","1.30329477787018","1.29579281806946","0.677269577980042","0.667171657085419"
Argentina,"ARG","Control of Corruption: Estimate","CC.EST","-0.212720826268196","-0.184158459305763","-0.338057339191437","-0.513885915279388","-0.52242648601532","-0.454004108905792","-0.429173797369003","-0.372614622116089","-0.374621480703354","-0.47384849190712","-0.502850949764252","-0.412648111581802","-0.402074337005615","-0.491771787405014","-0.462756901979446","-0.580717980861664","-0.586866021156311"
Armenia,"ARM","Control of Corruption: Estimate","CC.EST","-0.472677022218704","-0.737066268920898","-0.65157276391983","-0.649847686290741","-0.553991496562958","-0.606664836406708","-0.632704377174377","-0.589589774608612","-0.67646586894989","-0.634649097919464","-0.556270301342011","-0.649709761142731","-0.595814168453217","-0.523122131824493","-0.461841315031052","-0.440863400697708","-0.451385140419006"
Aruba,"ABW","Control of Corruption: Estimate","CC.EST","..","..","..","..","..","1.14748227596283","1.2721574306488","1.27696180343628","1.30082452297211","1.32062613964081","1.11448347568512","1.13310062885284","1.11886847019196","1.11929178237915","1.13776504993439","1.02669537067413","1.31030535697937"
Australia,"AUS","Control of Corruption: Estimate","CC.EST","1.88574016094208","1.7664178609848","1.95645093917847","1.75339686870575","1.94498431682587","2.09696459770203","1.97402787208557","1.99475967884064","2.04583191871643","2.07277965545654","2.0783543586731","2.04413247108459","2.08020806312561","2.00781512260437","1.77297699451447","1.86980223655701","1.91106379032135"
Austria,"AUT","Control of Corruption: Estimate","CC.EST","1.93283975124359","2.06694793701172","1.94968378543854","2.09435272216797","2.10295939445496","2.14810085296631","1.95521342754364","1.99445128440857","2.10689330101013","1.91907179355621","1.76401841640472","1.62654590606689","1.44494640827179","1.35773754119873","1.5166289806366","1.43745064735413","1.49278879165649"
Azerbaijan,"AZE","Control of Corruption: Estimate","CC.EST","-1.2541811466217","-1.12488055229187","-1.09498405456543","-1.05334949493408","-0.946839272975922","-1.11153841018677","-0.987202227115631","-0.997654139995575","-1.03256273269653","-1.04246866703033","-1.11050462722778","-1.17819809913635","-1.11742770671844","-1.07833468914032","-0.901802599430084","-0.920636773109436","-0.824561774730682"
"Bahamas, The","BHS","Control of Corruption: Estimate","CC.EST","1.20200145244598","1.34890079498291","1.38563287258148","1.44924819469452","1.39930880069733","1.40229272842407","1.3306428194046","1.37854087352753","1.37350475788116","1.38096404075623","1.36635196208954","1.35768854618073","1.35980129241943","1.35245728492737","1.36675083637238","1.29486489295959","1.29398441314697"
Bahrain,"BHR","Control of Corruption: Estimate","CC.EST","0.166452407836914","0.100275844335556","0.373659282922745","0.768715918064117","0.449701100587845","0.529206693172455","0.465502798557281","0.244442045688629","0.251515179872513","0.248678281903267","0.241449698805809","0.24900971353054","0.236632466316223","0.398673415184021","0.458150625228882","0.299463540315628","0.173393979668617"
Bangladesh,"BGD","Control of Corruption: Estimate","CC.EST","-0.733031749725342","-0.439140975475311","-0.942744433879852","-1.17710876464844","-1.33366715908051","-1.48841989040375","-1.40906238555908","-1.42586028575897","-1.04944002628326","-1.0155702829361","-1.02755224704742","-1.02346074581146","-1.04648804664612","-0.862995147705078","-0.890438914299011","-0.910458505153656","-0.875110387802124"
Barbados,"BRB","Control of Corruption: Estimate","CC.EST","1.35953974723816","1.38014912605286","1.38485932350159","1.29933190345764","1.3165168762207","1.23298561573029","1.30012392997742","1.28483295440674","1.36899209022522","1.31006968021393","1.33411574363708","1.43606078624725","1.76481068134308","1.67279887199402","1.62150549888611","1.02895092964172","1.78851592540741"
Belarus,"BLR","Control of Corruption: Estimate","CC.EST","-0.930731236934662","-0.633063495159149","-0.503186225891113","-0.779188573360443","-0.704947054386139","-0.922189474105835","-0.871890246868134","-0.628613889217377","-0.683543801307678","-0.63741660118103","-0.641052961349487","-0.729434847831726","-0.724474728107452","-0.523165583610535","-0.518927037715912","-0.320558816194534","-0.365942984819412"
Belgium,"BEL","Control of Corruption: Estimate","CC.EST","1.31349194049835","1.31897902488708","1.45979011058807","1.45001828670502","1.38116812705994","1.35314083099365","1.34450352191925","1.25198888778687","1.29940223693848","1.3195481300354","1.42796003818512","1.49402177333832","1.55983066558838","1.56301081180573","1.6419643163681","1.55240964889526","1.58263218402863"
Belize,"BLZ","Control of Corruption: Estimate","CC.EST","-0.0146228186786175","-0.125918224453926","-0.195575088262558","-0.244671955704689","-0.12683992087841","-0.267159461975098","-0.263460636138916","-0.360399723052979","-0.363364428281784","-0.328893154859543","-0.0380802638828754","-0.0850493982434273","-0.261445105075836","-0.0950557887554169","-0.0662671476602554","-0.189476668834686","-0.20789523422718"
Benin,"BEN","Control of Corruption: Estimate","CC.EST","-0.930731236934662","-0.599704921245575","-0.492773354053497","-0.792010486125946","-0.568924784660339","-0.493647992610931","-0.967230558395386","-0.634681701660156","-0.485509812831879","-0.529309689998627","-0.672597169876099","-0.736073732376099","-0.641205787658691","-0.932276546955109","-0.835047841072083","-0.779850125312805","-0.614093601703644"
Bermuda,"BMU","Control of Corruption: Estimate","CC.EST","1.35953974723816","1.38014912605286","1.38485932350159","1.29933190345764","1.3165168762207","1.28460943698883","1.2721574306488","1.27696180343628","1.30082452297211","1.32062613964081","1.3451269865036","1.33295929431915","1.30731344223022","1.30329477787018","1.29579281806946","1.25169777870178","1.24600279331207"
Bhutan,"BTN","Control of Corruption: Estimate","CC.EST","0.443431377410889","0.720498859882355","0.38448166847229","0.580378711223602","0.753948092460632","0.618476152420044","0.745997428894043","0.686799645423889","0.767412662506104","0.72324126958847","0.81423956155777","0.822689592838287","0.735903143882751","0.846016108989716","0.844272375106812","1.27481210231781","0.983752012252808"
Bolivia,"BOL","Control of Corruption: Estimate","CC.EST","-0.899521052837372","-0.193599045276642","-0.374004304409027","-0.949401795864105","-0.793150842189789","-0.770969986915588","-0.760469317436218","-0.397002965211868","-0.359342008829117","-0.491670995950699","-0.628407716751099","-0.442180424928665","-0.53440660238266","-0.709704101085663","-0.588413834571838","-0.639275431632996","-0.683430373668671"
Bosnia and Herzegovina,"BIH","Control of Corruption: Estimate","CC.EST","-0.349427282810211","-0.275947034358978","-0.487013667821884","-0.352239727973938","-0.301144987344742","-0.313786089420319","-0.198099359869957","-0.295304745435715","-0.374581605195999","-0.353113114833832","-0.37195947766304","-0.324221283197403","-0.305513858795166","-0.290884464979172","-0.217379048466682","-0.281820029020309","-0.366738021373749"
Botswana,"BWA","Control of Corruption: Estimate","CC.EST","0.585982918739319","0.705786645412445","0.666208446025848","0.606006324291229","1.24966859817505","0.879439413547516","1.13936281204224","0.91353040933609","0.953749895095825","0.996397376060486","0.921875059604645","1.0030460357666","0.978980958461761","0.916711270809174","0.905239403247833","0.801953852176666","0.836243391036987"
Brazil,"BRA","Control of Corruption: Estimate","CC.EST","-0.0721337348222733","0.00138998008333147","0.0167844947427511","0.0108581483364105","0.100637406110764","0.0486457012593746","-0.171658381819725","-0.135881498456001","-0.118872046470642","-0.0248164758086205","-0.122228711843491","6.45991385681555E-05","0.149355918169022","-0.067587673664093","-0.116865120828152","-0.379681676626205","-0.432712525129318"
Brunei Darussalam,"BRN","Control of Corruption: Estimate","CC.EST","0.538749635219574","0.375353932380676","0.387089610099792","0.297934770584106","0.286817401647568","0.407239496707916","0.264791935682297","0.229220539331436","0.240038424730301","0.539517104625702","1.02018487453461","0.894729197025299","0.87536096572876","0.642737984657288","0.729162812232971","0.633463501930237","0.64094078540802"
Bulgaria,"BGR","Control of Corruption: Estimate","CC.EST","-0.775768458843231","-0.23848195374012","-0.213461473584175","-0.195735678076744","-0.0710714980959892","0.0987279713153839","0.0586616508662701","-0.100767157971859","-0.234414339065552","-0.303222924470901","-0.247203961014748","-0.206945896148682","-0.224692776799202","-0.235507518053055","-0.291924655437469","-0.283896327018738","-0.314629107713699"
Burkina Faso,"BFA","Control of Corruption: Estimate","CC.EST","0.221323579549789","-0.243101984262466","-0.140609890222549","-0.0216778069734573","-0.0334532484412193","-0.152626678347588","-0.0901671200990677","-0.321892380714417","-0.34767347574234","-0.322432726621628","-0.3802669942379","-0.389968305826187","-0.392363369464874","-0.512988686561584","-0.568455696105957","-0.525218844413757","-0.337194502353668"
Burundi,"BDI","Control of Corruption: Estimate","CC.EST","-1.38878548145294","-1.15435969829559","-1.01455616950989","-0.942693650722504","-1.04709053039551","-0.969922661781311","-0.896313488483429","-1.04971444606781","-1.11327052116394","-1.01774668693542","-1.06808841228485","-1.10275399684906","-1.12114119529724","-1.44282460212708","-1.37953495979309","-1.19311344623566","-1.16551530361176"
Cabo Verde,"CPV","Control of Corruption: Estimate","CC.EST","..","-0.317102700471878","0.127469658851624","0.384032726287842","0.289172440767288","0.271412700414658","0.343390643596649","0.671095669269562","0.792370200157166","0.787197649478912","0.773966729640961","0.798842668533325","0.861117482185364","0.808144867420197","0.784988641738892","0.90252685546875","0.910824537277222"
Cambodia,"KHM","Control of Corruption: Estimate","CC.EST","-0.964424133300781","-1.08380115032196","-0.845126748085022","-0.98689466714859","-0.937282741069794","-1.01777076721191","-1.17594218254089","-1.22924852371216","-1.09587180614471","-1.19991862773895","-1.15942454338074","-1.23173773288727","-1.21741235256195","-1.04462015628815","-1.0140700340271","-1.08187079429626","-1.04428911209106"
Cameroon,"CMR","Control of Corruption: Estimate","CC.EST","-1.1580982208252","-1.0401566028595","-1.05779767036438","-1.08671128749847","-0.86248117685318","-1.07297074794769","-1.15787124633789","-1.02660059928894","-0.950305640697479","-0.943383872509003","-0.922522485256195","-0.986767649650574","-1.07753300666809","-1.25745046138763","-1.19344973564148","-1.15094757080078","-1.03163504600525"
Canada,"CAN","Control of Corruption: Estimate","CC.EST","2.19617128372192","2.23856115341187","2.23059344291687","2.11006212234497","2.04014158248901","1.85410892963409","1.86230838298798","1.95960652828217","1.98676121234894","1.99084401130676","2.08334708213806","2.09669852256775","1.99940121173859","1.93653094768524","1.88775932788849","1.81786298751831","1.85461580753326"
Cayman Islands,"CYM","Control of Corruption: Estimate","CC.EST","1.35953974723816","1.38014912605286","1.38485932350159","1.29933190345764","1.3165168762207","1.23890042304993","1.2721574306488","1.27696180343628","1.30082452297211","0.838428616523743","1.11448347568512","1.13310062885284","1.35137689113617","1.36280250549316","1.36787915229797","1.02669537067413","1.02735793590546"
Central African Republic,"CAF","Control of Corruption: Estimate","CC.EST","-1.38878548145294","-0.997215449810028","-1.18768358230591","-1.10757601261139","-1.22506034374237","-1.32543861865997","-1.20314705371857","-1.10543715953827","-1.08546936511993","-0.977543771266937","-0.907155692577362","-0.8376345038414","-0.843997478485107","-0.879302620887756","-1.02362716197968","-1.15023517608643","-1.31227171421051"
Chad,"TCD","Control of Corruption: Estimate","CC.EST","-0.930731236934662","-0.941717982292175","-0.818540871143341","-0.942693650722504","-1.26340556144714","-1.28162705898285","-1.4257116317749","-1.2755411863327","-1.29719591140747","-1.44711291790009","-1.35625445842743","-1.33618450164795","-1.26267409324646","-1.245246052742","-1.29173290729523","-1.23422408103943","-1.29250466823578"
Chile,"CHL","Control of Corruption: Estimate","CC.EST","1.45328187942505","1.36097586154938","1.54458653926849","1.55392217636108","1.29572927951813","1.37282800674438","1.45173370838165","1.42986524105072","1.34345746040344","1.32768630981445","1.35168313980103","1.48557531833649","1.52283978462219","1.57295083999634","1.53181517124176","1.47876632213593","1.25878739356995"
China,"CHN","Control of Corruption: Estimate","CC.EST","-0.251141726970673","-0.251559644937515","-0.240540936589241","-0.653666496276855","-0.407795280218124","-0.556024491786957","-0.634771764278412","-0.518585085868835","-0.604113221168518","-0.540807902812958","-0.543147087097168","-0.595003545284271","-0.554741144180298","-0.47952064871788","-0.351505666971207","-0.330402284860611","-0.267493218183517"
Colombia,"COL","Control of Corruption: Estimate","CC.EST","-0.487875908613205","-0.429567605257034","-0.40379199385643","-0.236249268054962","-0.169536486268044","-0.0969434976577759","-0.116070471704006","-0.0993863195180893","-0.191257297992706","-0.218910753726959","-0.303787499666214","-0.410410016775131","-0.301528543233871","-0.425193727016449","-0.430265933275223","-0.394386768341064","-0.292613208293915"
Comoros,"COM","Control of Corruption: Estimate","CC.EST","-0.930731236934662","-1.31145560741425","-1.12382090091705","-0.87055104970932","-0.839414656162262","-0.840129196643829","-0.821117043495178","-0.636312365531921","-0.64837509393692","-0.747951149940491","-0.783352494239807","-0.747872471809387","-0.709508121013641","-0.694937288761139","-0.693181931972504","-0.530489325523376","-0.640318214893341"
"Congo, Dem. Rep.","ZAR","Control of Corruption: Estimate","CC.EST","-2.05745840072632","-1.89954662322998","-1.56606721878052","-1.25988113880157","-1.40683555603027","-1.43113195896149","-1.42462801933289","-1.47969746589661","-1.29514610767365","-1.16558599472046","-1.36431705951691","-1.41867756843567","-1.39602756500244","-1.29806184768677","-1.3024594783783","-1.28708970546722","-1.25044202804565"
"Congo, Rep.","COG","Control of Corruption: Estimate","CC.EST","-1.10518002510071","-1.13358664512634","-0.960102498531342","-0.865495920181274","-0.936127245426178","-0.835369288921356","-1.01322841644287","-1.05235302448273","-1.09793269634247","-1.12730300426483","-1.17590725421906","-1.11430668830872","-1.07747948169708","-1.19417822360992","-1.18991208076477","-1.2157187461853","-1.22268056869507"
Cook Islands,"COK","Control of Corruption: Estimate","CC.EST","..","..","-0.274892032146454","-0.209500685334206","-0.228137642145157","0.0723781585693359","0.601730942726135","0.640476584434509","1.0624463558197","..","-0.561070263385773","-0.236938267946243","-0.21221099793911","-0.195395886898041","-0.191692233085632","..",".."
Costa Rica,"CRI","Control of Corruption: Estimate","CC.EST","0.572336435317993","0.78310239315033","0.761201858520508","0.590058386325836","0.697780668735504","0.303154975175858","0.386057585477829","0.340165555477142","0.406666159629822","0.443914711475372","0.67849463224411","0.641067147254944","0.588202476501465","0.592001795768738","0.6012242436409","0.730088770389557","0.707329630851746"
Cote d'Ivoire,"CIV","Control of Corruption: Estimate","CC.EST","0.1981171220541","-0.303585976362228","-0.686769783496857","-0.816112101078033","-0.977764129638672","-1.21628260612488","-1.25371873378754","-1.19795739650726","-1.0746294260025","-1.08514559268951","-1.08213949203491","-1.13881528377533","-1.02167212963104","-0.844691872596741","-0.768253147602081","-0.414038240909576","-0.417844235897064"
Croatia,"HRV","Control of Corruption: Estimate","CC.EST","-0.81954562664032","-0.715805888175964","-0.207538828253746","0.248566299676895","0.163370221853256","0.199675872921944","0.140845909714699","0.0927709490060806","0.0830380916595459","-0.0433541089296341","-0.100362926721573","-0.028736112639308","0.0094450656324625","-0.0396295115351677","0.109819047152996","0.185389935970306","0.200588777661324"
Cuba,"CUB","Control of Corruption: Estimate","CC.EST","0.456694304943085","0.545194327831268","0.51244193315506","0.512349784374237","0.283661067485809","0.253376513719559","0.306298345327377","0.259522944688797","0.326146304607391","0.280431389808655","0.354087769985199","0.410279303789139","0.35101842880249","0.308510601520538","0.130099922418594","0.0727730095386505","0.0717862397432327"
Cyprus,"CYP","Control of Corruption: Estimate","CC.EST","1.801837682724","1.29644286632538","1.22568821907043","1.2753769159317","1.21433782577515","0.893026173114777","0.892286777496338","1.09361970424652","1.07764601707458","1.24208474159241","0.932839632034302","1.00473845005035","0.887361526489258","1.25364828109741","1.24836277961731","1.06631481647491","0.980598270893097"
Czech Republic,"CZE","Control of Corruption: Estimate","CC.EST","0.645792722702026","0.546025931835175","0.0786311402916908","0.358817428350449","0.444380640983582","0.381079643964767","0.463735491037369","0.305537462234497","0.234358564019203","0.27059668302536","0.328171223402023","0.259117364883423","0.296931266784668","0.23293325304985","0.193954825401306","0.317237675189972","0.390838533639908"
Denmark,"DNK","Control of Corruption: Estimate","CC.EST","2.3697030544281","2.35954427719116","2.51538515090942","2.39808392524719","2.44801735877991","2.51477909088135","2.30674195289612","2.5532066822052","2.53037571907043","2.47136068344116","2.51941061019897","2.4134349822998","2.45252895355225","2.40450382232666","2.4255907535553","2.26135921478271","2.23179650306702"
Djibouti,"DJI","Control of Corruption: Estimate","CC.EST","-0.472677022218704","-0.729076206684113","-0.948293030261993","-0.705668687820435","-0.839414656162262","-0.512619197368622","-0.677966892719269","-0.597462773323059","-0.445088684558868","-0.179698213934898","-0.288886815309525","-0.318009555339813","-0.305850923061371","-0.340767502784729","-0.424442917108536","-0.492329716682434","-0.575444996356964"
Dominica,"DMA","Control of Corruption: Estimate","CC.EST","0.901485562324524","0.400292277336121","0.270405292510986","0.486411511898041","0.493000984191895","0.605177164077759","0.696970164775848","0.622109115123749","0.636293947696686","0.694861769676209","0.743084311485291","0.735411942005157","0.736268997192383","0.699633777141571","0.700698733329773","0.663972556591034","0.61652398109436"
Dominican Republic,"DOM","Control of Corruption: Estimate","CC.EST","-0.0976607576012611","-0.714976072311401","-0.623079538345337","-0.356919437646866","-0.629687905311584","-0.451384246349335","-0.589113533496857","-0.63620001077652","-0.688458800315857","-0.669256687164307","-0.726679801940918","-0.807579040527344","-0.760765194892883","-0.803574323654175","-0.827898144721985","-0.79013454914093","-0.769615471363068"
Ecuador,"ECU","Control of Corruption: Estimate","CC.EST","-0.905057013034821","-1.0161167383194","-1.00961458683014","-0.982882380485535","-0.801983177661896","-0.669346511363983","-0.747195363044739","-0.827825546264648","-0.893004775047302","-0.78680682182312","-0.887236952781677","-0.859103858470917","-0.792945504188538","-0.664653718471527","-0.612504839897156","-0.816595315933228","-0.653979957103729"
"Egypt, Arab Rep.","EGY","Control of Corruption: Estimate","CC.EST","-0.0662366896867752","-0.250817030668259","-0.391072422266006","-0.287910133600235","-0.465622842311859","-0.544407427310944","-0.516180872917175","-0.662887930870056","-0.678537011146545","-0.706536829471588","-0.418195396661758","-0.548980355262756","-0.657039940357208","-0.58808559179306","-0.603603959083557","-0.592639982700348","-0.559167325496674"
El Salvador,"SLV","Control of Corruption: Estimate","CC.EST","-0.900336503982544","-0.809845626354218","-0.502873122692108","-0.756975173950195","-0.371706873178482","-0.39465394616127","-0.412734389305115","-0.19523523747921","-0.296839952468872","-0.289045780897141","-0.193469107151031","-0.230316326022148","-0.212497428059578","-0.386749535799026","-0.352479994297028","-0.392415165901184","-0.434550940990448"
Equatorial Guinea,"GNQ","Control of Corruption: Estimate","CC.EST","-1.2541811466217","-1.21120655536652","-1.53102171421051","-1.3359249830246","-1.55138218402863","-1.70572566986084","-1.68433380126953","-1.64068508148193","-1.54558324813843","-1.50821506977081","-1.50352931022644","-1.49095153808594","-1.48670470714569","-1.53850162029266","-1.60120749473572","-1.83650863170624","-1.82767808437347"
Eritrea,"ERI","Control of Corruption: Estimate","CC.EST","0.443431377410889","0.851666152477264","0.614654958248138","0.0555485486984253","-0.0691393464803696","-0.153965890407562","-0.204986780881882","-0.31230154633522","-0.386269986629486","-0.318585962057114","-0.427858978509903","-0.4749376475811","-0.568675518035889","-0.697897374629974","-0.836373805999756","-0.861262679100037","-1.33843183517456"
Estonia,"EST","Control of Corruption: Estimate","CC.EST","-0.0596703067421913","0.570236623287201","0.649362087249756","0.641554355621338","0.786846935749054","0.921485722064972","0.972852826118469","0.962470948696136","0.915338456630707","0.870310187339783","0.912337183952332","0.860942244529724","0.9294393658638","0.987521469593048","1.11716139316559","1.26801979541779","1.25262689590454"
Ethiopia,"ETH","Control of Corruption: Estimate","CC.EST","-1.15256226062775","-0.691003799438477","-0.48982897400856","-0.72809898853302","-0.678868889808655","-0.716100811958313","-0.766772270202637","-0.640254080295563","-0.6211217045784","-0.664372503757477","-0.718116760253906","-0.70368766784668","-0.675018846988678","-0.606813848018646","-0.506208717823029","-0.432156771421433","-0.41111171245575"
Fiji,"FJI","Control of Corruption: Estimate","CC.EST","0.443431377410889","0.137187033891678","0.0374151021242142","0.0327025353908539","-0.286184638738632","-0.0753346532583237","-0.610766708850861","-0.268141835927963","-0.365976512432098","-0.386416375637054","-0.739001870155334","-0.853533506393433","-0.447268962860107","-0.404066920280457","-0.378113150596619","-0.028947526589036","-0.0636896193027496"
Finland,"FIN","Control of Corruption: Estimate","CC.EST","2.36434245109558","2.37160968780518","2.58557963371277","2.45825219154358","2.48048448562622","2.52676248550415","2.34934854507446","2.5568687915802","2.47589755058289","2.4124231338501","2.30304598808289","2.18184399604797","2.21880578994751","2.23415637016296","2.20648121833801","2.17961263656616","2.28353333473206"
France,"FRA","Control of Corruption: Estimate","CC.EST","1.25722503662109","1.40414917469025","1.35721826553345","1.23911964893341","1.33941566944122","1.34372341632843","1.35009062290192","1.45821702480316","1.44488310813904","1.37930560112","1.41739761829376","1.43590676784515","1.52212238311768","1.43126380443573","1.31224071979523","1.27382373809814","1.27983379364014"
French Guiana,"GUF","Control of Corruption: Estimate","CC.EST","0.901485562324524","0.920661449432373","0.913627624511719","0.845043122768402","0.83345639705658","0.781809866428375","0.797056496143341","0.801819980144501","0.820088863372803","0.838428616523743","1.11448347568512","1.13310062885284","1.11886847019196","1.11929178237915","1.13776504993439","1.02669537067413","1.02735793590546"
Gabon,"GAB","Control of Corruption: Estimate","CC.EST","-1.01773774623871","-0.874948978424072","-0.503681242465973","-0.419009178876877","-0.474568009376526","-0.761649370193481","-0.543944656848907","-0.906767547130585","-0.993257224559784","-1.01606953144073","-0.941434860229492","-0.781949460506439","-0.786826014518738","-0.61007821559906","-0.606016159057617","-0.636358678340912","-0.665876805782318"
"Gambia, The","GMB","Control of Corruption: Estimate","CC.EST","-0.44192823767662","-0.531264781951904","-0.409924894571304","-0.436576515436172","-0.331660836935043","-0.593119978904724","-0.705329596996307","-0.738749265670776","-0.745381116867065","-0.745512902736664","-0.562988460063934","-0.561588943004608","-0.499691247940063","-0.626717090606689","-0.689826130867004","-0.679219186306","-0.771910309791565"
Georgia,"GEO","Control of Corruption: Estimate","CC.EST","-1.38878548145294","-0.783481240272522","-0.877599954605103","-1.13872623443604","-0.647212326526642","-0.608311593532562","-0.358180820941925","-0.0310620702803135","-0.240867465734482","-0.220556050539017","-0.22359761595726","-0.118884555995464","-0.0244525838643312","0.263538032770157","0.359656810760498","0.742026448249817","0.636309206485748"
Germany,"DEU","Control of Corruption: Estimate","CC.EST","1.99477791786194","2.16479206085205","1.90205347537994","2.01305723190308","1.94356918334961","1.86335968971252","1.85936605930328","1.78800857067108","1.70104742050171","1.73348677158356","1.72310400009155","1.7368072271347","1.70930421352386","1.7935631275177","1.79008543491364","1.82934844493866","1.81898748874664"
Ghana,"GHA","Control of Corruption: Estimate","CC.EST","-0.221413373947144","-0.171881392598152","-0.0718517005443573","-0.286379784345627","-0.237875819206238","-0.224512293934822","-0.361559301614761","-0.0033438301179558","0.0731999799609184","-0.0379850678145885","0.032378401607275","0.0581174343824387","0.0394533239305019","-0.0944612771272659","-0.0691477060317993","-0.215245261788368","-0.175081148743629"
Greece,"GRC","Control of Corruption: Estimate","CC.EST","0.336625128984451","1.05718505382538","0.756479501724243","0.439531594514847","0.415377020835876","0.488529741764069","0.366889417171478","0.352722972631454","0.252855002880096","0.0995305553078651","0.0077143837697804","-0.158148095011711","-0.184290021657944","-0.25185963511467","-0.103219032287598","-0.200089707970619","-0.130120396614075"
Greenland,"GRL","Control of Corruption: Estimate","CC.EST","..","..","..","..","..","..","..","..","..","..","1.17149043083191","1.20008289813995","1.22178840637207","1.22245717048645","1.23994028568268","1.19806623458862","1.1913765668869"
Grenada,"GRD","Control of Corruption: Estimate","CC.EST","0.901485562324524","0.594729542732239","0.476190179586411","0.662745952606201","0.652345716953278","0.605177164077759","0.696970164775848","0.641146004199982","0.381819754838943","0.324423730373383","0.360454857349396","0.437867224216461","0.436289936304092","0.435839861631393","0.439753234386444","0.274311691522598","0.30994439125061"
Guam,"GUM","Control of Corruption: Estimate","CC.EST","..","..","..","..","..","0.370428413152695","0.797056496143341","0.801819980144501","0.820088863372803","0.838428616523743","0.86358767747879","0.852435350418091","0.832819521427155","0.829242706298828","0.826648414134979","1.25169777870178","1.24600279331207"
Guatemala,"GTM","Control of Corruption: Estimate","CC.EST","-0.823840439319611","-0.845808982849121","-0.676176130771637","-0.499044626951218","-0.663902640342712","-0.53800630569458","-0.629622042179108","-0.755418300628662","-0.697876870632172","-0.612959384918213","-0.475063264369965","-0.480627506971359","-0.470582693815231","-0.616787612438202","-0.578350067138672","-0.700852632522583","-0.711244463920593"
Guinea,"GIN","Control of Corruption: Estimate","CC.EST","-0.456128060817719","-0.726588666439056","-0.752233803272247","-0.518085956573486","-0.749372661113739","-0.840928077697754","-1.00438821315765","-1.06575274467468","-1.25644636154175","-1.15653932094574","-1.04755258560181","-1.1936137676239","-1.11294913291931","-1.05689549446106","-1.0435973405838","-1.06657755374908","-0.972723126411438"
Guinea-Bissau,"GNB","Control of Corruption: Estimate","CC.EST","-1.09098029136658","-1.14323258399963","-0.966771960258484","-0.853984534740448","-1.06782293319702","-1.14436209201813","-1.09136176109314","-0.978076696395874","-1.10547816753387","-1.083047747612","-1.10499489307404","-1.06424868106842","-1.05373787879944","-1.21702432632446","-1.27530360221863","-1.51227855682373","-1.42934358119965"
Guyana,"GUY","Control of Corruption: Estimate","CC.EST","-0.44192823767662","-0.357741385698318","-0.38405653834343","-0.407925248146057","-0.450592488050461","-0.45220685005188","-0.573964416980743","-0.602136135101318","-0.615958452224731","-0.559663653373718","-0.54121458530426","-0.553851664066315","-0.598879754543304","-0.751404464244843","-0.643098592758179","-0.732832014560699","-0.766174972057343"
Haiti,"HTI","Control of Corruption: Estimate","CC.EST","-1.10518002510071","-1.30676472187042","-1.29728376865387","-1.79073345661163","-1.81587076187134","-1.52421057224274","-1.44294285774231","-1.33312904834747","-1.30753099918365","-1.21623694896698","-1.10079622268677","-1.20598900318146","-1.22429978847504","-1.2406964302063","-1.15970730781555","-1.25123453140259","-1.25734460353851"
Honduras,"HND","Control of Corruption: Estimate","CC.EST","-1.03374230861664","-0.869159817695618","-0.886929214000702","-0.960225462913513","-0.838173031806946","-0.810082912445068","-0.739003896713257","-0.751804888248444","-0.692560315132141","-0.839445292949677","-0.869698524475098","-0.861927270889282","-0.796702146530151","-0.948768734931946","-0.959204852581024","-0.787358045578003","-0.566870331764221"
"Hong Kong SAR, China","HKG","Control of Corruption: Estimate","CC.EST","1.49951779842377","1.42328751087189","1.39767217636108","1.86620366573334","1.8962562084198","1.91613101959229","1.80786430835724","1.87625229358673","1.91010737419128","1.89735281467438","1.89658975601196","1.97405755519867","1.86097800731659","1.72298991680145","1.64296269416809","1.64259767532349","1.67407310009003"
Hungary,"HUN","Control of Corruption: Estimate","CC.EST","0.578486204147339","0.654127359390259","0.687780439853668","0.524349093437195","0.603234171867371","0.650461971759796","0.616000711917877","0.609718024730682","0.559659481048584","0.384824275970459","0.341165333986282","0.252414464950562","0.319479495286942","0.282866090536118","0.291925370693207","0.130890443921089","0.104408204555511"
Iceland,"ISL","Control of Corruption: Estimate","CC.EST","1.68053698539734","2.01305341720581","2.34046912193298","2.2796905040741","2.31566762924194","2.2565541267395","2.32719564437866","2.251549243927","2.2762188911438","2.44212818145752","2.05696439743042","1.93733072280884","1.94618988037109","1.87753331661224","1.9141446352005","1.8202565908432","1.95247220993042"
India,"IND","Control of Corruption: Estimate","CC.EST","-0.40250962972641","-0.283046573400497","-0.365162312984467","-0.497416853904724","-0.435561299324036","-0.413977831602097","-0.396168082952499","-0.28520929813385","-0.419140994548798","-0.358278930187225","-0.477030038833618","-0.512495815753937","-0.572223305702209","-0.562726259231567","-0.557112872600555","-0.463805437088013","-0.380446225404739"
Indonesia,"IDN","Control of Corruption: Estimate","CC.EST","-0.560622036457062","-1.08210957050323","-0.889635145664215","-1.13394522666931","-0.959953248500824","-0.89464282989502","-0.853418231010437","-0.812799215316772","-0.584049761295319","-0.561123728752136","-0.815900683403015","-0.74474048614502","-0.679279983043671","-0.655594646930695","-0.621024608612061","-0.576978087425232","-0.453910320997238"
"Iran, Islamic Rep.","IRN","Control of Corruption: Estimate","CC.EST","-0.646479845046997","-0.773186862468719","-0.57308030128479","-0.223652333021164","-0.295592457056046","-0.416448265314102","-0.43529149889946","-0.449773669242859","-0.499805152416229","-0.742752730846405","-0.861129701137543","-0.991268575191498","-0.924142062664032","-0.816996335983276","-0.680213391780853","-0.570441544055939","-0.609386086463928"
Iraq,"IRQ","Control of Corruption: Estimate","CC.EST","-1.53489208221436","-1.25093448162079","-1.47072672843933","-1.29524827003479","-1.21793615818024","-1.5626300573349","-1.45843243598938","-1.56637597084045","-1.58016490936279","-1.57077145576477","-1.39377188682556","-1.31042897701263","-1.2054682970047","-1.2474730014801","-1.26323783397675","-1.3378381729126","-1.37134826183319"
Ireland,"IRL","Control of Corruption: Estimate","CC.EST","1.79332399368286","1.5823860168457","1.44493925571442","1.4041782617569","1.48605537414551","1.29665100574493","1.57413744926453","1.7164134979248","1.7541491985321","1.75916218757629","1.76838994026184","1.69842994213104","1.54081439971924","1.45641160011292","1.54965257644653","1.61953282356262","1.63556027412415"
Israel,"ISR","Control of Corruption: Estimate","CC.EST","1.47285091876984","1.29302322864532","1.01199185848236","1.29288983345032","1.07380855083466","0.929984927177429","0.808521151542664","1.0027391910553","0.813919723033905","0.839172601699829","0.749539077281952","0.668048977851868","0.712602853775024","0.837213456630707","0.849976718425751","0.824705719947815","0.894468665122986"
Italy,"ITA","Control of Corruption: Estimate","CC.EST","0.359373867511749","0.519977629184723","0.720827221870422","0.53637957572937","0.530891954898834","0.378153502941132","0.397495090961456","0.460092902183533","0.306214153766632","0.250389188528061","0.125107422471046","-0.00495995813980699","0.0819931402802467","-0.0239982400089502","-0.0361311621963978","-0.110022932291031","-0.0470478609204292"
Jamaica,"JAM","Control of Corruption: Estimate","CC.EST","-0.221413373947144","-0.173963651061058","-0.173990875482559","-0.741581201553345","-0.540252923965454","-0.448909252882004","-0.395490795373917","-0.403553187847137","-0.464531749486923","-0.463690757751465","-0.435638785362244","-0.37454816699028","-0.29439041018486","-0.353636294603348","-0.362869948148727","-0.388713479042053","-0.32704085111618"
Japan,"JPN","Control of Corruption: Estimate","CC.EST","1.0467871427536","0.930278837680817","1.22685825824738","0.856922328472137","1.17983984947205","1.23385286331177","1.21004581451416","1.31930327415466","1.20886468887329","1.30930304527283","1.37186467647552","1.5729683637619","1.56792187690735","1.62422859668732","1.65883588790894","1.73029208183289","1.60863041877747"
"Jersey, Channel Islands","JEY","Control of Corruption: Estimate","CC.EST","..","..","..","..","..","..","..","..","..","..","..","..","1.22178840637207","1.22245717048645","1.23994028568268","1.19806623458862","1.1913765668869"
Jordan,"JOR","Control of Corruption: Estimate","CC.EST","-0.124436713755131","-0.00993589404970407","0.0407346412539482","-0.103986084461212","0.314322084188461","0.339590907096863","0.328654438257217","0.31158110499382","0.316872328519821","0.413141161203384","0.183152884244919","0.0424153245985508","0.0959927290678024","0.0803978517651558","0.0966673493385315","0.154955700039864","0.259895652532578"
Kazakhstan,"KAZ","Control of Corruption: Estimate","CC.EST","-1.10930263996124","-0.940303206443787","-1.06216275691986","-1.06069731712341","-0.983777642250061","-1.0956734418869","-0.994176745414734","-0.905788064002991","-0.910280346870422","-0.896657407283783","-0.884153246879578","-0.975262999534607","-0.97829669713974","-0.885699391365051","-0.90164452791214","-0.759405255317688","-0.755781829357147"
Kenya,"KEN","Control of Corruption: Estimate","CC.EST","-1.02880966663361","-1.02176892757416","-0.9487224817276","-0.987511873245239","-0.830639123916626","-0.802246034145355","-0.970866560935974","-0.884858965873718","-0.920640110969543","-1.02690541744232","-1.08239948749542","-0.934501349925995","-0.945809662342072","-1.10159277915955","-1.06259858608246","-0.942623138427734","-1.01469933986664"
Kiribati,"KIR","Control of Corruption: Estimate","CC.EST","..","-0.581802904605865","-0.375493049621582","-0.0966036692261696","0.0994324758648872","0.335977643728256","0.24051870405674","0.0782572999596596","0.139010325074196","-0.00116665649693459","-0.12991951406002","-0.04340435937047","0.132981732487679","0.0572715513408184","0.00374840153381228","0.307063400745392","0.247839838266373"
"Korea, Dem. Rep.","PRK","Control of Corruption: Estimate","CC.EST","-1.75423204898834","-1.7550231218338","-1.80097627639771","-1.16722011566162","-1.72994196414948","-1.50187861919403","-1.38904297351837","-1.60447669029236","-1.79008173942566","-1.7307516336441","-1.36824464797974","-1.33418655395508","-1.3709442615509","-1.32537269592285","-1.32603549957275","-1.3447972536087","-1.28521203994751"
"Korea, Rep.","KOR","Control of Corruption: Estimate","CC.EST","0.265114694833755","0.336160063743591","0.24802377820015","0.471422582864761","0.483076393604279","0.335627377033234","0.591937959194183","0.275686115026474","0.523732364177704","0.373608469963074","0.483240246772766","0.40166100859642","0.461490720510483","0.469040632247925","0.552320182323456","0.491011470556259","0.489384740591049"
Kosovo,"KSV","Control of Corruption: Estimate","CC.EST","..","..","..","..","-0.813347518444061","-0.572658240795136","-0.575501263141632","-0.421260297298431","-0.76119863986969","-0.590437412261963","-0.56133770942688","-0.624183475971222","-0.606724560260773","-0.633676469326019","-0.654933989048004","-0.449959754943848","-0.515628397464752"
Kuwait,"KWT","Control of Corruption: Estimate","CC.EST","0.715271532535553","0.761582791805267","0.835624694824219","1.22466659545898","0.985995829105377","0.956819117069244","0.633792877197266","0.544191420078278","0.49099263548851","0.539097905158997","0.414975613355637","0.399747759103775","0.130376264452934","-0.158298328518867","-0.151408761739731","-0.262674599885941","-0.217803567647934"
Kyrgyz Republic,"KGZ","Control of Corruption: Estimate","CC.EST","-0.472677022218704","-0.482431054115295","-0.726452946662903","-0.864400029182434","-0.900276362895966","-1.02724850177765","-1.16778826713562","-1.27407670021057","-1.24982023239136","-1.1212409734726","-1.23110687732697","-1.10864233970642","-1.1534389257431","-1.09072637557983","-1.12650156021118","-1.10582268238068","-1.08072233200073"
Lao PDR,"LAO","Control of Corruption: Estimate","CC.EST","-0.472677022218704","-0.38902348279953","-0.778883278369904","-1.0464209318161","-1.15568470954895","-1.24201774597168","-1.31629800796509","-1.35660004615784","-1.31164729595184","-1.2138911485672","-1.26194834709167","-1.20590233802795","-1.18550562858582","-1.03598976135254","-0.893720149993896","-0.764516890048981","-0.839434921741486"
Latvia,"LVA","Control of Corruption: Estimate","CC.EST","-0.81954562664032","-0.0300278030335903","-0.287683069705963","-0.12049962580204","0.175791561603546","0.137078762054443","0.321211576461792","0.294023245573044","0.248237282037735","0.130386620759964","0.126590773463249","0.125370681285858","0.188381060957909","0.158233880996704","0.269964009523392","0.339543551206589","0.401939928531647"
Lebanon,"LBN","Control of Corruption: Estimate","CC.EST","-0.468918591737747","-0.252913236618042","-0.40507584810257","-0.38144651055336","-0.587088525295258","-0.603957235813141","-0.485608607530594","-0.964695513248444","-0.908081412315369","-0.844838440418243","-0.827711284160614","-0.858847320079803","-0.885651111602783","-0.869998514652252","-0.929815351963043","-1.06280291080475","-0.878359258174896"
Lesotho,"LSO","Control of Corruption: Estimate","CC.EST","-0.472677022218704","-0.072774663567543","-0.123630583286285","-0.178669214248657","-0.395000338554382","-0.192221701145172","-0.0385465286672115","-0.0393634326756001","-0.115398950874805","0.0380408205091953","0.161589160561562","0.177758812904358","0.176067814230919","0.123303651809692","0.245853409171104","0.147408604621887","0.0674747675657272"
Liberia,"LBR","Control of Corruption: Estimate","CC.EST","-1.74003219604492","-1.72973382472992","-1.36873579025269","-1.17300117015839","-1.2181031703949","-1.26736354827881","-1.15405786037445","-0.638302505016327","-0.333137512207031","-0.69551545381546","-0.562156200408936","-0.528528034687042","-0.622115731239319","-0.578355729579926","-0.684903681278229","-0.779680550098419","-0.61063688993454"
Libya,"LBY","Control of Corruption: Estimate","CC.EST","-0.775768458843231","-0.858895719051361","-0.734671652317047","-0.947723865509033","-0.821671009063721","-0.825282394886017","-0.874080002307892","-1.02837812900543","-0.962198078632355","-0.860131859779358","-1.16694366931915","-1.25799953937531","-1.29328572750092","-1.40341794490814","-1.52367329597473","-1.60989582538605","-1.6947637796402"
Liechtenstein,"LIE","Control of Corruption: Estimate","CC.EST","1.35953974723816","1.38014912605286","1.38485932350159","1.29933190345764","1.3165168762207","1.33031845092773","1.2721574306488","1.27696180343628","1.11635649204254","1.21524059772491","1.68497097492218","1.85405671596527","1.81864738464355","1.81392443180084","1.84611928462982","2.07921862602234","2.07146334648132"
Lithuania,"LTU","Control of Corruption: Estimate","CC.EST","-0.0596703067421913","0.0314424373209476","0.18867252767086","0.0446512140333653","0.26371768116951","0.324604898691177","0.224322751164436","0.0750135257840157","0.0347231924533844","0.0366850346326828","0.121193714439869","0.270746678113937","0.240137711167336","0.317500710487366","0.369917273521423","0.479211837053299","0.555849850177765"
Luxembourg,"LUX","Control of Corruption: Estimate","CC.EST","2.04504609107971","1.976322889328","2.09300661087036","2.07282042503357","1.7062793970108","1.90131950378418","1.65774631500244","1.90711915493011","2.01067495346069","2.01719999313354","1.98535776138306","2.06301355361938","2.16775798797607","2.13513994216919","2.13010764122009","2.08925080299377","2.11819958686829"
"Macao SAR, China","MAC","Control of Corruption: Estimate","CC.EST","0.443431377410889","0.46117377281189","0.442395955324173","-0.0635343119502068","0.83345639705658","1.37602758407593","0.499729514122009","0.357984930276871","0.490495324134827","0.472961038351059","0.164949133992195","0.428482234477997","0.46366822719574","0.455279588699341","0.59568852186203","0.862004995346069","0.619945645332336"
"Macedonia, FYR","MKD","Control of Corruption: Estimate","CC.EST","-0.964424133300781","-0.669467210769653","-0.664002537727356","-0.880899250507355","-0.664696156978607","-0.493733793497086","-0.442975431680679","-0.371059864759445","-0.35621452331543","-0.162954553961754","-0.110885217785835","-0.0574899315834045","-0.0415235869586468","0.0249497182667255","0.0237319730222225","0.091879740357399","-0.125404790043831"
Madagascar,"MDG","Control of Corruption: Estimate","CC.EST","0.207123756408691","-0.547614991664886","-0.133940413594246","0.0583888851106167","0.0616834238171577","-0.118879646062851","0.0955251231789589","-0.0960242673754692","-0.0847575962543488","-0.155867382884026","-0.191466122865677","-0.275267660617828","-0.322296470403671","-0.560234904289246","-0.677183628082275","-0.80238151550293","-0.759013116359711"
Malawi,"MWI","Control of Corruption: Estimate","CC.EST","-0.221413373947144","-0.186980724334717","-0.209326565265656","-1.00967872142792","-0.783787429332733","-0.756129682064056","-0.733464956283569","-0.542561292648315","-0.534192144870758","-0.432202696800232","-0.381811648607254","-0.456467002630234","-0.373370200395584","-0.439319938421249","-0.619156122207642","-0.761806786060333","-0.763391256332397"
Malaysia,"MYS","Control of Corruption: Estimate","CC.EST","0.51286917924881","0.553272604942322","0.362481087446213","0.211441725492477","0.39186629652977","0.425673007965088","0.268672823905945","0.288314282894135","0.246212631464005","-0.0291926935315132","-0.0303604435175657","0.133600935339928","0.0509559772908688","0.273933291435242","0.385969817638397","0.476790279150009","0.284214437007904"
Maldives,"MDV","Control of Corruption: Estimate","CC.EST","0.443431377410889","-0.0572502501308918","-0.29014641046524","-0.158156871795654","0.0525136180222034","-0.171936586499214","-0.297589033842087","-0.495947599411011","-0.829948604106903","-0.864412486553192","-0.680472135543823","-0.527302801609039","-0.527782440185547","-0.626804232597351","-0.655158340930939","-0.112955793738365","-0.271478325128555"
Mali,"MLI","Control of Corruption: Estimate","CC.EST","-0.44192823767662","-0.633749723434448","-0.664685308933258","-0.531652092933655","-0.54018098115921","-0.497081458568573","-0.398682683706284","-0.412786900997162","-0.341040223836899","-0.45344090461731","-0.635580539703369","-0.64901202917099","-0.567159354686737","-0.788276374340057","-0.739629983901978","-0.718893527984619","-0.646498262882233"
Malta,"MLT","Control of Corruption: Estimate","CC.EST","0.538749635219574","0.577680587768555","0.989125370979309","0.786319732666016","0.976155817508698","0.931962013244629","0.861269235610962","1.04775822162628","1.06387722492218","1.04494714736938","0.83432525396347","0.854970693588257","0.834579169750214","0.971804559230804","0.998841106891632","0.863302111625671","0.916361391544342"
Marshall Islands,"MHL","Control of Corruption: Estimate","CC.EST","..","-0.581802904605865","-0.534228384494781","-0.839479506015778","-0.841139316558838","-0.56721705198288","-0.436856269836426","-0.529326021671295","-0.571323931217194","-0.567306935787201","-0.341303467750549","-0.329083651304245","-0.301870316267014","-0.227682411670685","-0.0167964231222868","-0.0657565146684647","-0.104488290846348"
Martinique,"MTQ","Control of Corruption: Estimate","CC.EST","0.901485562324524","0.920661449432373","0.913627624511719","0.845043122768402","0.83345639705658","0.873227953910828","0.797056496143341","0.801819980144501","0.820088863372803","0.838428616523743","0.86358767747879","0.852435350418091","0.832819521427155","0.829242706298828","0.826648414134979","1.25169777870178","1.24600279331207"
Mauritania,"MRT","Control of Corruption: Estimate","CC.EST","-0.0146228186786175","-0.202145978808403","-0.253382742404938","0.234630078077316","0.205489799380302","-0.372015088796616","-0.357848614454269","-0.687811553478241","-0.506580412387848","-0.720873951911926","-0.55571061372757","-0.671402394771576","-0.556634962558746","-0.716154754161835","-0.793350219726563","-0.915586113929749","-0.906050145626068"
Mauritius,"MUS","Control of Corruption: Estimate","CC.EST","0.544224560260773","0.605978965759277","0.549489200115204","0.565120756626129","0.427511900663376","0.343909859657288","0.398321360349655","0.414072543382645","0.512640655040741","0.598272502422333","0.632005453109741","0.653901934623718","0.630946576595306","0.398236691951752","0.372858822345734","0.446334004402161","0.400892317295074"
"Micronesia, Fed. Sts.","FSM","Control of Corruption: Estimate","CC.EST","..","-0.228051230311394","-0.3798588514328","-0.386954545974731","-0.370853424072266","-0.0199988186359406","-0.205875769257545","-0.230744078755379","-0.308847695589066","-0.291235566139221","-0.11351528018713","-0.120908476412296","-0.298348695039749","-0.105856247246265","-0.166200876235962","0.84454071521759","0.718014776706696"
Moldova,"MDA","Control of Corruption: Estimate","CC.EST","-0.204548791050911","-0.286944717168808","-0.536239743232727","-0.945506989955902","-0.82477605342865","-0.990043699741364","-0.637624561786652","-0.561655580997467","-0.59285843372345","-0.56646740436554","-0.66455090045929","-0.684675693511963","-0.625038623809814","-0.599905669689178","-0.743104219436646","-0.845697641372681","-0.88472044467926"
Monaco,"MCO","Control of Corruption: Estimate","CC.EST","..","..","..","..","..","..","..","..","..","..","..","..","..","..","..","..",".."
Mongolia,"MNG","Control of Corruption: Estimate","CC.EST","-0.124502144753933","-0.233339414000511","-0.404943019151688","-0.0119403610005975","-0.167724132537842","-0.383624196052551","-0.579467296600342","-0.572253048419952","-0.634806096553802","-0.661749482154846","-0.755172669887543","-0.730359852313995","-0.675512909889221","-0.534119129180908","-0.476236492395401","-0.469965636730194","-0.466475158929825"
Montenegro,"MNE","Control of Corruption: Estimate","CC.EST","..","..","..","..","-0.505089461803436","-0.576570570468903","-0.42012831568718","-0.37593486905098","-0.307398855686188","-0.188657909631729","-0.163792729377747","-0.237618565559387","-0.21111872792244","-0.0931345224380493","-0.245333209633827","-0.0103654339909554","-0.0909179598093033"
Morocco,"MAR","Control of Corruption: Estimate","CC.EST","0.327405720949173","0.408683389425278","-0.028049249202013","-0.176056727766991","-0.210361480712891","-0.0808484181761742","-0.296355277299881","-0.401795238256454","-0.326751410961151","-0.377141505479813","-0.308370381593704","-0.175199285149574","-0.399570047855377","-0.435429692268372","-0.363179206848145","-0.260108947753906","-0.248814269900322"
Mozambique,"MOZ","Control of Corruption: Estimate","CC.EST","-0.356237947940826","-0.352172285318375","-0.399077087640762","-0.446164608001709","-0.584911346435547","-0.593235075473785","-0.539772272109985","-0.606483817100525","-0.501276433467865","-0.472762286663055","-0.42059251666069","-0.428380012512207","-0.490357041358948","-0.570299208164215","-0.623946905136108","-0.703236520290375","-0.785201191902161"
Myanmar,"MMR","Control of Corruption: Estimate","CC.EST","-1.40560352802277","-1.16522574424744","-1.30913531780243","-1.21073985099792","-1.45795941352844","-1.6729394197464","-1.5522792339325","-1.69842779636383","-1.65549778938293","-1.62572681903839","-1.66989696025848","-1.6867311000824","-1.68450891971588","-1.10868489742279","-1.06408798694611","-0.921888649463654","-0.893506467342377"
Namibia,"NAM","Control of Corruption: Estimate","CC.EST","0.709735512733459","0.59246963262558","0.473530679941177","-0.0439269244670868","0.179761558771133","0.121790669858456","0.179108440876007","0.152748793363571","0.244380339980125","0.565393805503845","0.250100612640381","0.297686100006104","0.278517931699753","0.297270536422729","0.292109400033951","0.233901590108871","0.276367396116257"
Nauru,"NRU","Control of Corruption: Estimate","CC.EST","..","..","..","..","..","..","..","..","-0.276584565639496","-0.319993495941162","-0.351113587617874","0.0588389001786709","0.0221907459199429","0.051020972430706","-0.575833320617676","-0.361798614263535","-0.475761473178864"
Nepal,"NPL","Control of Corruption: Estimate","CC.EST","-0.0146228186786175","-0.514792799949646","-0.536220669746399","-0.319139003753662","-0.339557975530624","-0.808157503604889","-0.62907075881958","-0.602162063121796","-0.69883918762207","-0.716395378112793","-0.651276707649231","-0.650335133075714","-0.740635633468628","-0.81731516122818","-0.668153166770935","-0.544044673442841","-0.548494279384613"
Netherlands,"NLD","Control of Corruption: Estimate","CC.EST","2.21583962440491","2.26790261268616","2.31675457954407","2.18256020545959","2.07627034187317","2.0232400894165","1.96495389938354","2.08126926422119","2.22098398208618","2.16356348991394","2.16648483276367","2.17913603782654","2.15652513504028","2.14098596572876","2.05965113639832","1.99838399887085","1.89211082458496"
Netherlands Antilles,"ANT","Control of Corruption: Estimate","CC.EST","..","..","..","..","..","0.598973631858826","1.2721574306488","1.27696180343628","1.30082452297211","1.32062613964081","0.86358767747879","0.852435350418091","0.832819521427155","0.829242706298828","0.826648414134979","..",".."
New Caledonia,"NCL","Control of Corruption: Estimate","CC.EST","..","..","..","..","..","..","..","..","..","..","..","..","..","..","..","..",".."
New Zealand,"NZL","Control of Corruption: Estimate","CC.EST","2.24196863174438","2.31703186035156","2.36133623123169","2.35736870765686","2.38108801841736","2.4533679485321","2.21233344078064","2.36394071578979","2.34910464286804","2.33419060707092","2.46224236488342","2.39616632461548","2.33757281303406","2.33382701873779","2.36370491981506","2.27007150650024","2.29126644134521"
Nicaragua,"NIC","Control of Corruption: Estimate","CC.EST","-0.488949716091156","-0.865444421768188","-0.976158440113068","-0.418999791145325","-0.453791558742523","-0.362846076488495","-0.60421097278595","-0.673923015594482","-0.765013039112091","-0.754395544528961","-0.729397237300873","-0.773346841335297","-0.737108409404755","-0.780419826507568","-0.733809471130371","-0.886418342590332","-0.874342262744904"
Niger,"NER","Control of Corruption: Estimate","CC.EST","-1.09098029136658","-1.03404343128204","-0.940669775009155","-1.0677227973938","-1.02335023880005","-0.849203109741211","-0.722324848175049","-0.860605299472809","-0.767684578895569","-0.74914425611496","-0.608219861984253","-0.669499337673187","-0.594523429870605","-0.620023846626282","-0.559807658195496","-0.630355656147003","-0.584011673927307"
Nigeria,"NGA","Control of Corruption: Estimate","CC.EST","-1.15256226062775","-1.06792092323303","-1.126220703125","-1.33327555656433","-1.32012927532196","-1.30451107025146","-1.15608179569244","-1.07276892662048","-0.98126608133316","-0.809403955936432","-0.976666212081909","-0.997022449970245","-1.13350427150726","-1.15223097801208","-1.20733654499054","-1.27309477329254","-1.0964742898941"
Niue,"NIU","Control of Corruption: Estimate","CC.EST","..","..","..","..","..","..","..","..","..","..","-0.561070263385773","-0.441638439893723","-0.415545344352722","-0.40646880865097","-0.392009407281876","..",".."
Norway,"NOR","Control of Corruption: Estimate","CC.EST","2.27608609199524","2.31998419761658","2.29072785377502","2.22083353996277","2.09515953063965","1.97233414649963","2.00026988983154","2.1340799331665","1.9660439491272","1.87685084342957","1.99594461917877","2.10211968421936","2.17387509346008","2.25633692741394","2.30064582824707","2.22743391990662","2.26120281219482"
Oman,"OMN","Control of Corruption: Estimate","CC.EST","0.0371638163924217","0.675873935222626","0.757793605327606","0.832754731178284","0.441973328590393","0.569850981235504","0.292799443006516","0.186450034379959","0.266743570566177","0.455307334661484","0.287902563810349","0.283657789230347","-0.000723003584425896","0.0837221890687943","0.081963337957859","0.250516682863235","0.200448915362358"
Pakistan,"PAK","Control of Corruption: Estimate","CC.EST","-1.15256226062775","-0.960518002510071","-0.820990800857544","-0.924772381782532","-0.728975892066956","-1.05907011032104","-1.03706169128418","-0.760734736919403","-0.747071802616119","-0.802203714847565","-1.04464995861053","-1.07031905651093","-1.05181753635406","-1.06278038024902","-0.93464469909668","-0.81349515914917","-0.761218845844269"
Palau,"PLW","Control of Corruption: Estimate","CC.EST","..","..","..","..","..","..","..","..","..","-0.319993495941162","-0.351113587617874","-0.43717622756958","-0.426162272691727","-0.28179857134819","-0.575833320617676","-0.361798614263535","-0.475761473178864"
Panama,"PAN","Control of Corruption: Estimate","CC.EST","-0.345165997743607","-0.157839670777321","-0.393850028514862","-0.319517970085144","-0.360004335641861","-0.273645550012589","-0.374904483556747","-0.359307587146759","-0.34127950668335","-0.103497453033924","-0.316564559936523","-0.350725889205933","-0.339250206947327","-0.379833728075027","-0.35893240571022","-0.354715168476105","-0.343229442834854"
Papua New Guinea,"PNG","Control of Corruption: Estimate","CC.EST","-0.350701957941055","-0.901407778263092","-0.816513478755951","-0.909608542919159","-0.984562516212463","-1.027135014534","-1.24544715881348","-1.25208735466003","-1.23400557041168","-1.27358281612396","-1.35027396678925","-1.13150298595428","-1.10024261474609","-1.02744042873383","-1.03319990634918","-0.973973512649536","-0.987348139286041"
Paraguay,"PRY","Control of Corruption: Estimate","CC.EST","-0.862320363521576","-1.20605993270874","-1.3739058971405","-1.27655625343323","-1.44435882568359","-1.40295374393463","-1.4024486541748","-1.18747293949127","-1.24901950359344","-1.00683438777924","-0.827192485332489","-0.740841686725616","-0.713029265403748","-0.845614492893219","-1.04534828662872","-0.99779200553894","-0.940254092216492"
Peru,"PER","Control of Corruption: Estimate","CC.EST","-0.166803508996964","-0.227311283349991","-0.485630661249161","-0.303467392921448","-0.0987986996769905","-0.350401490926743","-0.358568876981735","-0.212652668356895","-0.266237705945969","-0.202172502875328","-0.340843111276627","-0.249752819538116","-0.248621508479118","-0.393351256847382","-0.436126291751862","-0.591890573501587","-0.597019910812378"
Philippines,"PHL","Control of Corruption: Estimate","CC.EST","-0.176404431462288","-0.14521835744381","-0.454944670200348","-0.45414873957634","-0.533202826976776","-0.603394508361816","-0.589911222457886","-0.818801522254944","-0.704971551895142","-0.74627411365509","-0.771779716014862","-0.80293220281601","-0.696276545524597","-0.580435991287231","-0.395751714706421","-0.442232936620712","-0.43005234003067"
Poland,"POL","Control of Corruption: Estimate","CC.EST","0.542451024055481","0.667055606842041","0.547974228858948","0.330768555402756","0.383244216442108","0.10986290872097","0.223508134484291","0.174925908446312","0.192840605974197","0.347081661224365","0.370071351528168","0.41317754983902","0.485386580228806","0.59084689617157","0.553665995597839","0.592663288116455","0.579717457294464"
Portugal,"PRT","Control of Corruption: Estimate","CC.EST","1.52292788028717","1.33566975593567","1.1821700334549","1.26633894443512","1.13349080085754","1.11747050285339","1.05707907676697","0.967714488506317","0.958230257034302","1.00053131580353","1.0386563539505","1.03052830696106","1.08440113067627","0.932713508605957","0.923099517822266","0.884573936462402","0.918391883373261"
Puerto Rico,"PRI","Control of Corruption: Estimate","CC.EST","0.443431377410889","0.46117377281189","0.913627624511719","1.29933190345764","1.3165168762207","1.23890042304993","1.2721574306488","0.539676606655121","0.480474591255188","0.478224486112595","0.519083023071289","0.497711300849915","0.489030957221985","0.576543986797333","0.506346225738525","0.489042103290558","0.133749887347221"
Qatar,"QAT","Control of Corruption: Estimate","CC.EST","-0.0865887999534607","0.63090318441391","0.674033343791962","0.70783519744873","0.597614228725433","0.577025830745697","0.824687004089355","1.09210872650146","0.810144186019897","1.11219131946564","1.72285640239716","1.56862056255341","1.08260452747345","1.19742369651794","1.2461484670639","1.09255373477936","0.984333693981171"
Reunion,"REU","Control of Corruption: Estimate","CC.EST","..","..","..","..","..","0.96464604139328","0.797056496143341","0.801819980144501","0.820088863372803","0.838428616523743","0.86358767747879","0.852435350418091","0.832819521427155","0.829242706298828","0.826648414134979","0.677269577980042","0.667171657085419"
Romania,"ROM","Control of Corruption: Estimate","CC.EST","-0.221413373947144","-0.683552920818329","-0.477388232946396","-0.380518853664398","-0.297778964042664","-0.257703840732574","-0.213394686579704","-0.162051633000374","-0.181924298405647","-0.156687572598457","-0.266768395900726","-0.215387225151062","-0.189869329333305","-0.255112111568451","-0.184331402182579","-0.137728184461594","-0.0458157397806644"
Russian Federation,"RUS","Control of Corruption: Estimate","CC.EST","-1.02296853065491","-0.93650609254837","-0.917506992816925","-0.91594523191452","-0.710549294948578","-0.743176579475403","-0.780787587165833","-0.849700331687927","-0.95239931344986","-1.04935562610626","-1.08773469924927","-1.05861592292786","-1.03605568408966","-1.01728475093842","-0.996766090393066","-0.871823787689209","-0.862618625164032"
Rwanda,"RWA","Control of Corruption: Estimate","CC.EST","-0.930731236934662","-0.78457373380661","-0.645413398742676","-0.462245732545853","-0.604555904865265","-0.478104531764984","-0.73740154504776","-0.21200792491436","0.0202104561030865","0.147698625922203","0.135107234120369","0.462840497493744","0.428436011075974","0.669404804706573","0.657113611698151","0.829801559448242","0.6720370054245"
Samoa,"WSM","Control of Corruption: Estimate","CC.EST","-0.0146228186786175","-0.125918224453926","-0.132773712277412","0.00156194460578263","0.0817030370235443","0.123723685741425","0.145268365740776","0.235195443034172","0.224973723292351","0.221450999379158","0.119082428514957","0.127966031432152","0.106022477149963","0.11144220083952","0.157595202326775","0.322551071643829","0.30955782532692"
San Marino,"SMR","Control of Corruption: Estimate","CC.EST","..","..","..","..","..","..","..","..","..","..","..","..","..","..","..","..",".."
Sao Tome and Principe,"STP","Control of Corruption: Estimate","CC.EST","-0.0146228186786175","-0.516434490680695","-0.0802552998065948","-0.317960470914841","-0.606584668159485","-0.602062404155731","-0.855883479118347","-0.501820862293243","-0.520649790763855","-0.511926233768463","-0.391985476016998","-0.435964912176132","-0.366705149412155","-0.372861415147781","-0.365068972110748","-0.15734301507473","-0.196362555027008"
Saudi Arabia,"SAU","Control of Corruption: Estimate","CC.EST","-0.6354079246521","-0.691710710525513","-0.417418122291565","0.0552480146288872","-0.19733864068985","-0.358765065670013","-0.102832302451134","-0.245651796460152","-0.179547727108002","-0.027828412130475","-0.0108245396986604","0.0567108057439327","-0.374594688415527","-0.0588265061378479","-0.00472899992018938","0.0974823161959648","0.0640295967459679"
Senegal,"SEN","Control of Corruption: Estimate","CC.EST","-0.221413373947144","-0.196166515350342","-0.112987674772739","0.309989959001541","-0.143114492297173","-0.0549798607826233","-0.0287884268909693","-0.416518777608871","-0.543389022350311","-0.533730447292328","-0.527669906616211","-0.693605184555054","-0.527356684207916","-0.281492203474045","-0.254137605428696","0.0173481553792953","0.0306961294263601"
Serbia,"SRB","Control of Corruption: Estimate","CC.EST","-1.02880966663361","-1.08334040641785","-1.12274062633514","-0.913487315177917","-0.469313323497772","-0.475563257932663","-0.381985068321228","-0.281318366527557","-0.348164230585098","-0.302521347999573","-0.308698147535324","-0.286640763282776","-0.249448493123055","-0.306715875864029","-0.271685630083084","-0.192148014903069","-0.239120572805405"
Seychelles,"SYC","Control of Corruption: Estimate","CC.EST","0.901485562324524","0.223137497901917","0.464415401220322","0.306772708892822","0.327268958091736","0.202035874128342","0.141793370246887","-0.0915972739458084","0.00813586451113224","0.246285334229469","0.316517233848572","0.349963963031769","0.317497998476028","0.340145647525787","0.390499353408813","0.371829152107239","0.890114068984985"
Sierra Leone,"SLE","Control of Corruption: Estimate","CC.EST","-0.773554146289825","-0.870934903621674","-0.912776231765747","-0.74711537361145","-0.907203137874603","-0.876583695411682","-1.09094190597534","-1.01331067085266","-0.902751624584198","-0.964006125926971","-0.938840627670288","-0.771923005580902","-0.831580638885498","-0.954555809497833","-0.904433488845825","-0.947651326656342","-0.778011023998261"
Singapore,"SGP","Control of Corruption: Estimate","CC.EST","2.16982460021973","2.22958970069885","2.28967189788818","2.35554575920105","2.26477789878845","2.41669034957886","2.19472551345825","2.19761276245117","2.25260663032532","2.25400590896606","2.25262022018433","2.21279978752136","2.12317800521851","2.16681432723999","2.09416198730469","2.11721205711365","2.12992763519287"
Slovak Republic,"SVK","Control of Corruption: Estimate","CC.EST","0.35601818561554","0.252971976995468","0.148474112153053","-0.0995600745081902","0.306570142507553","0.385163545608521","0.49271148443222","0.395967453718185","0.304100751876831","0.303975224494934","0.227996647357941","0.235297739505768","0.243688657879829","0.0708009526133537","0.0613393671810627","0.116906225681305","0.145947456359863"
Slovenia,"SVN","Control of Corruption: Estimate","CC.EST","1.31520187854767","1.29840612411499","0.76682311296463","0.721855044364929","0.864606201648712","1.01946020126343","0.891683399677277","1.02359127998352","0.982552111148834","0.91190379858017","1.02351272106171","0.853803515434265","0.900840401649475","0.820003986358643","0.708292424678802","0.687200605869293","0.726809978485107"
Solomon Islands,"SLB","Control of Corruption: Estimate","CC.EST","..","-0.581802904605865","-0.754868149757385","-1.24100840091705","-1.26063871383667","-0.519585728645325","0.064946636557579","-0.29600727558136","-0.520249426364899","-0.499428063631058","-0.374874532222748","-0.430806636810303","-0.41179433465004","-0.403723299503326","-0.420600235462189","-0.271455347537994","-0.351407617330551"
Somalia,"SOM","Control of Corruption: Estimate","CC.EST","-1.74003219604492","-1.78159785270691","-1.78424882888794","-1.16722011566162","-1.7993586063385","-1.7839834690094","-1.67098093032837","-1.72662687301636","-1.77973687648773","-1.92402815818787","-1.7228672504425","-1.73862135410309","-1.69638288021088","-1.59325230121613","-1.58913099765778","-1.68717849254608","-1.62468075752258"
South Africa,"ZAF","Control of Corruption: Estimate","CC.EST","0.760919094085693","0.650558888912201","0.612045884132385","0.390921652317047","0.336118102073669","0.480206459760666","0.58011257648468","0.422613918781281","0.212854132056236","0.162285387516022","0.144325003027916","0.0931215658783913","0.0273306127637625","-0.15811750292778","-0.113470427691936","-0.113175258040428","-0.0423877947032452"
South Sudan,"SSD","Control of Corruption: Estimate","CC.EST","..","..","..","..","..","..","..","..","..","..","..","-0.773354947566986","-1.63015079498291","-1.35151970386505","-1.38383734226227","-1.61320865154266","-1.71167194843292"
Spain,"ESP","Control of Corruption: Estimate","CC.EST","1.04650413990021","1.37344670295715","1.32784020900726","1.33221507072449","1.35389482975006","1.33975875377655","1.29111695289612","1.11961197853088","0.992927074432373","1.10605597496033","0.995288491249084","1.01323533058167","1.05466210842133","1.05580461025238","0.820787012577057","0.526033043861389","0.485850930213928"
Sri Lanka,"LKA","Control of Corruption: Estimate","CC.EST","-0.0976607576012611","-0.190087616443634","-0.261539489030838","-0.24003729224205","-0.259091287851334","-0.138854995369911","-0.368417739868164","-0.174821883440018","-0.0964004024863243","-0.181672975420952","-0.370326697826386","-0.400137633085251","-0.37379452586174","-0.231590315699577","-0.220519721508026","-0.3377885222435","-0.366520553827286"
St. Kitts and Nevis,"KNA","Control of Corruption: Estimate","CC.EST","..","0.125700443983078","0.0418507009744644","0.292677879333496","0.269310802221298","0.247514113783836","1.03888154029846","0.888612389564514","0.909262478351593","1.00083601474762","1.05834543704987","1.03868091106415","1.04955267906189","0.990376114845276","0.984778940677643","0.274311691522598","0.268306076526642"
St. Lucia,"LCA","Control of Corruption: Estimate","CC.EST","..","0.125700443983078","0.382091909646988","0.292677879333496","0.269310802221298","0.298608839511871","1.15547513961792","1.0530378818512","1.07394015789032","1.17089569568634","1.22957038879395","1.2230190038681","1.22879028320313","1.04209923744202","1.07018613815308","0.425266742706299","0.446226686239243"
St. Vincent and the Grenadines,"VCT","Control of Corruption: Estimate","CC.EST","..","0.125700443983078","0.0418507009744644","0.292677879333496","0.269310802221298","0.298608839511871","1.03888154029846","0.888612389564514","0.909262478351593","1.00083601474762","1.05834543704987","1.03868091106415","1.04955267906189","0.990376114845276","0.984778940677643","0.663972556591034","0.61652398109436"
Sudan,"SDN","Control of Corruption: Estimate","CC.EST","-1.27631485462189","-1.0158554315567","-0.799847185611725","-1.02262163162231","-1.24013328552246","-1.27620387077332","-1.44500660896301","-1.21162211894989","-1.3756115436554","-1.48346769809723","-1.21537709236145","-1.25635969638824","-1.22711980342865","-1.5137974023819","-1.50018990039825","-1.44692659378052","-1.50237989425659"
Suriname,"SUR","Control of Corruption: Estimate","CC.EST","-0.110302329063416","-0.0102561498060822","0.387089610099792","0.123391307890415","0.180388480424881","0.172436580061913","0.163822486996651","-0.207608327269554","-0.118552848696709","-0.130014955997467","-0.3630610704422","-0.432157814502716","-0.366717517375946","-0.407706171274185","-0.414861977100372","-0.616208970546722","-0.568461358547211"
Swaziland,"SWZ","Control of Corruption: Estimate","CC.EST","-0.0146228186786175","-0.0172771848738194","-0.253382742404938","-0.317960470914841","-0.549792408943176","-0.576912403106689","-0.476333618164063","-0.239870801568031","-0.215532571077347","-0.171646937727928","-0.194486752152443","-0.166812658309937","-0.294514983892441","-0.358370244503021","-0.335724651813507","-0.357309818267822","-0.324809968471527"
Sweden,"SWE","Control of Corruption: Estimate","CC.EST","2.3055419921875","2.3317928314209","2.40439534187317","2.29809808731079","2.22879981994629","2.19516205787659","2.01423788070679","2.20506381988525","2.2484986782074","2.22779941558838","2.29086112976074","2.31884598731995","2.22184467315674","2.32084155082703","2.30050849914551","2.14205574989319","2.24560332298279"
Switzerland,"CHE","Control of Corruption: Estimate","CC.EST","2.10189175605774","2.22670388221741","2.20532608032227","2.1721818447113","2.08841872215271","2.04178023338318","2.02231287956238","2.12794065475464","2.19226956367493","2.16773724555969","2.09338045120239","2.0985734462738","2.05147218704224","2.16725492477417","2.14529323577881","2.18906807899475","2.16910648345947"
Syrian Arab Republic,"SYR","Control of Corruption: Estimate","CC.EST","-0.775768458843231","-0.858895719051361","-0.902192234992981","-0.241186812520027","-0.687474012374878","-0.712600886821747","-0.703987538814545","-0.998061120510101","-1.02626848220825","-1.08134543895721","-1.06839203834534","-1.08023118972778","-1.04430913925171","-1.17870998382568","-1.21820712089539","-1.54896724224091","-1.53302991390228"
"Taiwan, China","TWN","Control of Corruption: Estimate","CC.EST","0.591427505016327","0.63472592830658","0.748301446437836","0.635285615921021","0.841788411140442","0.862770974636078","0.782684624195099","0.527321755886078","0.504025518894196","0.479271560907364","0.599065780639648","0.716858983039856","0.865190625190735","0.730060458183289","0.688694298267365","0.844447374343872","0.799015283584595"
Tajikistan,"TJK","Control of Corruption: Estimate","CC.EST","-1.38878548145294","-1.21373760700226","-1.05265641212463","-1.03287172317505","-1.02488887310028","-1.2045704126358","-1.09205043315887","-0.915749311447144","-0.913378238677979","-1.07193112373352","-1.13126075267792","-1.19790506362915","-1.14434814453125","-1.17463219165802","-1.19177496433258","-0.996567189693451","-0.997934997081757"
Tanzania,"TZA","Control of Corruption: Estimate","CC.EST","-1.02880966663361","-0.969703316688538","-0.9487224817276","-0.940991401672363","-0.779016673564911","-0.583184599876404","-0.647806942462921","-0.22231163084507","-0.347575008869171","-0.42078623175621","-0.442179918289185","-0.537002325057983","-0.624770224094391","-0.800216615200043","-0.814655840396881","-0.794164597988129","-0.716798782348633"
Thailand,"THA","Control of Corruption: Estimate","CC.EST","-0.205480203032494","-0.00193378026597202","-0.138161852955818","-0.278335094451904","-0.153603047132492","-0.154636979103088","-0.100645393133163","-0.355031073093414","-0.342210710048676","-0.396685540676117","-0.280142813920975","-0.314244955778122","-0.289871066808701","-0.337336152791977","-0.326631367206573","-0.405195027589798","-0.400431334972382"
Timor-Leste,"TMP","Control of Corruption: Estimate","CC.EST","..","..","..","-0.517823040485382","-0.531004726886749","-0.527108252048492","-0.785155773162842","-0.846970081329346","-0.935428023338318","-0.907061755657196","-0.996232450008392","-0.969007730484009","-1.04602515697479","-0.97037011384964","-0.833902955055237","-0.649013578891754","-0.690783977508545"
Togo,"TGO","Control of Corruption: Estimate","CC.EST","-0.75935435295105","-0.633749723434448","-0.664685308933258","-0.76869535446167","-0.904725790023804","-0.928822994232178","-0.79007226228714","-1.04654443264008","-0.99862152338028","-0.983966112136841","-1.02729773521423","-0.965021729469299","-1.0042884349823","-1.00806033611298","-1.03989493846893","-0.922568202018738","-0.712842881679535"
Tonga,"TON","Control of Corruption: Estimate","CC.EST","..","-0.228051230311394","-0.529862582683563","-0.677305400371552","-0.622553050518036","-0.402045905590057","-1.28483891487122","-1.30558919906616","-1.03604364395142","-0.646737992763519","-0.671101689338684","-0.32102182507515","-0.301133424043655","-0.289775103330612","-0.2523013651371","-0.286210954189301","-0.446406990289688"
Trinidad and Tobago,"TTO","Control of Corruption: Estimate","CC.EST","1.00551342964172","0.48175773024559","0.0487010143697262","-0.177862554788589","-0.0667750909924507","-0.128832265734673","-0.0767012014985085","-0.28754711151123","-0.226800203323364","-0.265597254037857","-0.20783032476902","-0.363698601722717","-0.281453907489777","-0.280966937541962","-0.343161910772324","-0.578435361385345","-0.54169774055481"
Tunisia,"TUN","Control of Corruption: Estimate","CC.EST","-0.221413373947144","-0.0307839419692755","-0.028049249202013","0.55066990852356","0.322890847921371","0.239525124430656","-0.0852208808064461","-0.0700701475143433","-0.104916639626026","-0.17926712334156","-0.108923442661762","-0.148705869913101","-0.168360888957977","-0.141182661056519","-0.135097920894623","-0.0932875648140907","-0.11067708581686"
Turkey,"TUR","Control of Corruption: Estimate","CC.EST","-0.228960856795311","-0.582821369171143","-0.333593517541885","-0.710129678249359","-0.228400737047195","-0.173164501786232","-0.0186976622790098","0.0108235403895378","0.0919105187058449","0.0858897119760513","0.0751067399978638","0.0299072545021772","0.0552762821316719","0.172571510076523","0.116710916161537","-0.121683195233345","-0.114704668521881"
Turkmenistan,"TKM","Control of Corruption: Estimate","CC.EST","-0.472677022218704","-0.918620228767395","-0.95182853937149","-1.17259979248047","-1.10345387458801","-1.3773375749588","-1.43374300003052","-1.49726700782776","-1.47220766544342","-1.40967917442322","-1.46483218669891","-1.43573570251465","-1.444669008255","-1.34630966186523","-1.34191262722015","-1.21904945373535","-1.26281690597534"
Tuvalu,"TUV","Control of Corruption: Estimate","CC.EST","..","..","-0.158102586865425","0.0739959850907326","-0.717724978923798","0.57927268743515","-0.107175603508949","-0.0766133219003677","-0.194757953286171","-0.188474729657173","-0.177492886781693","-0.205611035227776","-0.472452223300934","-0.294017165899277","-0.346705228090286","0.0352824553847313","-0.00611172430217266"
Uganda,"UGA","Control of Corruption: Estimate","CC.EST","-0.603743195533752","-0.917637765407562","-0.852383613586426","-0.941676199436188","-0.79738312959671","-0.747067749500275","-0.843630969524384","-0.781817018985748","-0.821468591690063","-0.831809461116791","-0.887455463409424","-0.902229428291321","-0.892021417617798","-0.984620630741119","-1.04832065105438","-1.09754514694214","-1.0517201423645"
Ukraine,"UKR","Control of Corruption: Estimate","CC.EST","-1.0319504737854","-1.15467762947083","-1.07160794734955","-1.02147877216339","-0.855063557624817","-0.890259385108948","-0.686477422714233","-0.680033445358276","-0.742581963539124","-0.787286877632141","-1.00704300403595","-0.975086271762848","-0.99579131603241","-1.02968370914459","-1.09417164325714","-0.995152473449707","-0.980087220668793"
United Arab Emirates,"ARE","Control of Corruption: Estimate","CC.EST","-0.0865887999534607","-0.0304037630558014","0.128307610750198","1.24599182605743","0.93996125459671","1.14434933662415","1.06913316249847","0.948596000671387","1.07938230037689","1.13142549991608","0.954877018928528","0.928691744804382","1.07293510437012","1.1845908164978","1.30299663543701","1.23306286334991","1.12385749816895"
United Kingdom,"GBR","Control of Corruption: Estimate","CC.EST","2.12061023712158","2.23243260383606","2.24089050292969","2.12639093399048","2.07454228401184","1.95697438716888","1.89497542381287","1.78974366188049","1.72350776195526","1.66168642044067","1.60209345817566","1.56038200855255","1.5844544172287","1.64998698234558","1.69416415691376","1.72738778591156","1.86739253997803"
United States,"USA","Control of Corruption: Estimate","CC.EST","1.56577444076538","1.54794383049011","1.65573787689209","2.01138758659363","1.76601457595825","1.85659348964691","1.52578473091125","1.31729030609131","1.34211385250092","1.41029369831085","1.26258504390717","1.25960636138916","1.26520347595215","1.38688600063324","1.29307281970978","1.32284355163574","1.37852740287781"
Uruguay,"URY","Control of Corruption: Estimate","CC.EST","0.715271532535553","0.743423640727997","0.720430195331573","0.747039139270782","0.941407978534698","0.826183557510376","1.03916537761688","1.03578817844391","1.16567170619965","1.22925758361816","1.19470632076263","1.24420046806335","1.23503422737122","1.32046377658844","1.35837626457214","1.35137033462524","1.2981538772583"
Uzbekistan,"UZB","Control of Corruption: Estimate","CC.EST","-1.06975829601288","-1.04265284538269","-0.90507572889328","-0.988574743270874","-1.00620937347412","-1.06659054756165","-1.18415427207947","-0.891815662384033","-0.915666341781616","-0.953498542308807","-1.21530282497406","-1.24316799640656","-1.30686402320862","-1.22391402721405","-1.22558856010437","-1.11775803565979","-1.16200923919678"
Vanuatu,"VUT","Control of Corruption: Estimate","CC.EST","..","-0.228051230311394","-0.679866254329681","-0.735375583171844","-0.650519669055939","-0.470111429691315","0.335769057273865","0.182371973991394","0.277999490499496","0.324764877557755","0.358390271663666","0.348112463951111","0.373725026845932","0.4483422935009","0.377593368291855","0.619467973709106","-0.177127227187157"
"Venezuela, RB","VEN","Control of Corruption: Estimate","CC.EST","-0.910310566425323","-0.95314633846283","-0.528747081756592","-1.0389951467514","-1.00732803344727","-0.891567826271057","-0.954659283161163","-0.977975189685822","-1.03083992004395","-1.09951055049896","-1.15793967247009","-1.20360136032104","-1.15752375125885","-1.25504779815674","-1.28649926185608","-1.3806334733963","-1.32825553417206"
Vietnam,"VNM","Control of Corruption: Estimate","CC.EST","-0.43173623085022","-0.395246237516403","-0.595424473285675","-0.556896328926086","-0.547212898731232","-0.75156831741333","-0.760613322257996","-0.763124883174896","-0.649855196475983","-0.726110637187958","-0.534587681293488","-0.62679648399353","-0.61430287361145","-0.558123111724854","-0.534637153148651","-0.498858511447906","-0.4470434486866"
Virgin Islands (U.S.),"VIR","Control of Corruption: Estimate","CC.EST","..","..","..","..","..","0.644682705402374","0.797056496143341","0.801819980144501","0.820088863372803","0.838428616523743","0.86358767747879","0.852435350418091","0.832819521427155","0.829242706298828","0.826648414134979","0.677269577980042","0.667171657085419"
West Bank and Gaza,"WBG","Control of Corruption: Estimate","CC.EST","-0.930731236934662","-0.917289197444916","-0.971299111843109","-0.972111761569977","-1.09878516197205","-0.418800741434097","-0.974185526371002","-0.88198333978653","-0.640351891517639","-1.15191209316254","-0.358931690454483","-0.337623178958893","-0.800923943519592","-0.606053113937378","-0.533093214035034","-0.566409707069397","-0.699409484863281"
"Yemen, Rep.","YEM","Control of Corruption: Estimate","CC.EST","-0.350701957941055","-0.885283768177032","-0.910405695438385","-0.951302945613861","-0.84278130531311","-1.00594568252563","-0.784720599651337","-0.686484038829803","-0.680651903152466","-0.682768106460571","-1.01814746856689","-1.15923631191254","-1.18447315692902","-1.22986376285553","-1.21138453483582","-1.55138993263245","-1.44811189174652"
Zambia,"ZMB","Control of Corruption: Estimate","CC.EST","-1.02880966663361","-0.880671501159668","-0.852383613586426","-0.93746155500412","-0.759776651859283","-0.679878056049347","-0.785484910011292","-0.716249167919159","-0.557928442955017","-0.470597684383392","-0.512775897979736","-0.565399944782257","-0.469038456678391","-0.353109836578369","-0.376190334558487","-0.414667308330536","-0.405138790607452"
Zimbabwe,"ZWE","Control of Corruption: Estimate","CC.EST","-0.249900937080383","-0.650212705135345","-0.9455806016922","-1.21409356594086","-1.24711740016937","-1.30931079387665","-1.27457571029663","-1.32345569133759","-1.35338234901428","-1.304527759552","-1.31692099571228","-1.30873227119446","-1.37899827957153","-1.34037911891937","-1.41164898872375","-1.38883447647095","-1.28689205646515"
,"","","","","","","","","","","","","","","","","","","",""
,"","","","","","","","","","","","","","","","","","","",""
,"","","","","","","","","","","","","","","","","","","",""
Data from database: Worldwide Governance Indicators,"","","","","","","","","","","","","","","","","","","",""
Last Updated: 10/19/2016,"","","","","","","","","","","","","","","","","","","",""
